,Country_Region,Last_Update,Lat,Long_,Confirmed,Deaths,Recovered,Active,Incident_Rate,People_Tested,People_Hospitalized,Mortality_Rate,UID,ISO3
0,Australia,2020-08-11 06:35:16,-25.0,133.0,21713.0,331.0,12391.0,8991.0,85.28380145877604,,,1.5244323677059826,36,AUS
1,Austria,2020-08-11 06:35:16,47.5162,14.5501,22106.0,723.0,20010.0,1373.0,245.44768164860542,,,3.270605265538768,40,AUT
2,Canada,2020-08-11 06:35:16,60.00100000000001,-95.001,122053.0,9034.0,108050.0,4970.0,322.41642223409303,,,7.4017025390609,124,CAN
3,China,2020-08-11 06:35:16,30.5928,114.3055,88906.0,4689.0,82247.0,1970.0,6.329287260076491,,,5.274109733876228,156,CHN
4,Denmark,2020-08-11 06:35:16,56.2639,9.5018,15142.0,620.0,13164.0,1358.0,261.42039565947533,,,4.094571390833443,208,DNK
5,Finland,2020-08-11 06:35:16,61.9241,25.7482,7601.0,333.0,6980.0,288.0,137.1843865722818,,,4.381002499671096,246,FIN
6,France,2020-08-11 06:35:16,46.2276,2.2137,239349.0,30327.0,82971.0,126051.0,366.6862601172739,,,12.670619054184474,250,FRA
7,Germany,2020-08-11 06:35:16,51.165691,10.451526,218508.0,9207.0,198039.0,11262.0,260.79936913927844,,,4.213575704322039,276,DEU
8,Iceland,2020-08-11 06:35:16,64.9631,-19.0208,1962.0,10.0,1838.0,114.0,574.9450549450551,,,0.509683995922528,352,ISL
9,Ireland,2020-08-11 06:35:16,53.1424,-7.6921,26768.0,1772.0,23364.0,1632.0,542.1042100564705,,,6.619844590555887,372,IRL
10,Italy,2020-08-11 06:35:16,41.8719,12.5674,250825.0,35209.0,202248.0,13368.0,414.84852227756005,,,14.037276985946374,380,ITA
11,Netherlands,2020-08-11 06:35:16,52.3167,5.55,60058.0,6178.0,237.0,53643.0,350.5015765217519,,,10.286722834593228,528,NLD
12,Norway,2020-08-11 06:35:16,60.472,8.4689,9684.0,256.0,8857.0,571.0,178.6306532709663,,,2.643535729037588,578,NOR
13,Russia,2020-08-11 06:35:16,61.524,105.3188,890799.0,14973.0,695317.0,180509.0,610.4103170697311,,,1.6808505622480492,643,RUS
14,Sweden,2020-08-11 06:35:16,60.1282,18.6435,82972.0,5766.0,,77206.0,821.5643308872818,,,6.949332304873932,752,SWE
15,Switzerland,2020-08-11 06:35:16,46.8182,8.2275,36708.0,1987.0,32400.0,2321.0,424.14350350298537,,,5.412988994224691,756,CHE
16,United Kingdom,2020-08-11 06:35:16,55.0,-3.0,313392.0,46611.0,1463.0,265318.0,461.64449449698054,,,14.873066319497626,826,GBR
17,US,2020-08-11 06:35:16,40.0,-100.0,5094565.0,163465.0,1670755.0,2453446.0,1546.3084579128238,,,3.2086154558828865,840,USA
18,Spain,2020-08-11 06:35:16,40.463667,-3.74922,322980.0,28576.0,150376.0,144028.0,690.7956347482138,,,8.847606662951266,724,ESP
19,Mexico,2020-08-11 06:35:16,23.6345,-102.5528,485836.0,53003.0,393160.0,39673.0,380.1763120506351,,,10.909648523370024,484,MEX
20,Chile,2020-08-11 06:35:16,-35.6751,-71.543,375044.0,10139.0,347342.0,17563.0,1961.916193739041,,,2.7034161325071198,152,CHL
21,Brazil,2020-08-11 06:35:16,-14.235,-51.9253,3057470.0,101752.0,2390830.0,564888.0,1438.4072737048307,,,3.3279803236008862,76,BRA
22,Peru,2020-08-11 06:35:16,-9.19,-75.0152,483133.0,21276.0,324020.0,137837.0,1465.289507903197,,,4.403756315548722,604,PER
23,Colombia,2020-08-11 06:35:16,4.5709,-74.2973,397623.0,13154.0,221484.0,162985.0,781.4474509738874,,,3.3081587332724713,170,COL
24,Japan,2020-08-11 06:35:16,36.204824,138.252924,49843.0,1052.0,33450.0,15341.0,39.408915135811284,,,2.1106273699416165,392,JPN
25,Ukraine,2020-08-11 06:35:16,48.3794,31.1656,84970.0,1979.0,46298.0,36693.0,194.2892674741268,,,2.3290573143462403,804,UKR
26,India,2020-08-11 06:35:16,20.593684,78.96288,2268675.0,45257.0,1583489.0,639929.0,164.3962167554997,,,1.994864844016882,356,IND
27,Pakistan,2020-08-11 06:35:16,30.3753,69.3451,285191.0,6112.0,261246.0,17833.0,129.10860178301076,,,2.14312513368234,586,PAK
28,Afghanistan,2020-08-11 06:35:16,33.93911,67.709953,37162.0,1328.0,26228.0,9606.0,95.46258341705341,,,3.5735428663688715,4,AFG
29,Albania,2020-08-11 06:35:16,41.1533,20.1683,6536.0,200.0,3379.0,2957.0,227.11793731322535,,,3.0599755201958385,8,ALB
30,Algeria,2020-08-11 06:35:16,28.0339,1.6596,35712.0,1312.0,24920.0,9480.0,81.43933999471803,,,3.6738351254480293,12,DZA
31,Andorra,2020-08-11 06:35:16,42.5063,1.5218,963.0,52.0,839.0,72.0,1246.359930110658,,,5.399792315680166,20,AND
32,Angola,2020-08-11 06:35:16,-11.2027,17.8739,1679.0,78.0,569.0,1032.0,5.108581235934667,,,4.645622394282312,24,AGO
33,Antigua and Barbuda,2020-08-11 06:35:16,17.0608,-61.7964,92.0,3.0,76.0,13.0,93.94657299240258,,,3.260869565217391,28,ATG
34,Argentina,2020-08-11 06:35:16,-38.4161,-63.6167,253868.0,4764.0,174974.0,74130.0,561.7073471267016,,,1.8765657743394204,32,ARG
35,Armenia,2020-08-11 06:35:16,40.0691,45.0382,40433.0,796.0,32616.0,7021.0,1364.4889333748195,,,1.9686889422006777,51,ARM
36,Azerbaijan,2020-08-11 06:35:16,40.1431,47.5769,33647.0,492.0,30642.0,2513.0,331.8514573424366,,,1.4622403186019557,31,AZE
37,Bahamas,2020-08-11 06:35:16,25.025885,-78.035889,945.0,15.0,113.0,817.0,240.30637155179429,,,1.5873015873015872,44,BHS
38,Bahrain,2020-08-11 06:35:16,26.0275,50.55,44397.0,163.0,41209.0,3025.0,2609.1586481529253,,,0.3671419240038741,48,BHR
39,Bangladesh,2020-08-11 06:35:16,23.685,90.3563,260507.0,3438.0,150437.0,106632.0,158.18080999186208,,,1.3197342105970282,50,BGD
40,Barbados,2020-08-11 06:35:16,13.1939,-59.5432,142.0,7.0,112.0,23.0,49.41347595964798,,,4.929577464788731,52,BRB
41,Belarus,2020-08-11 06:35:16,53.7098,27.9534,68947.0,589.0,64991.0,3367.0,729.6503103238847,,,0.8542793740119222,112,BLR
42,Belgium,2020-08-11 06:35:16,50.8333,4.469936,74620.0,9879.0,17792.0,46949.0,643.852220815599,,,13.239077995175554,56,BEL
43,Belize,2020-08-11 06:35:16,17.1899,-88.4976,177.0,2.0,32.0,143.0,44.51475148445379,,,1.1299435028248588,84,BLZ
44,Benin,2020-08-11 06:35:16,9.3077,2.3158,1936.0,38.0,1600.0,298.0,15.969383656028715,,,1.9628099173553717,204,BEN
45,Bhutan,2020-08-11 06:35:16,27.5142,90.4336,113.0,0.0,97.0,16.0,14.644665972017027,,,0.0,64,BTN
46,Bolivia,2020-08-11 06:35:16,-16.2902,-63.5887,91635.0,3712.0,30823.0,57100.0,785.0147549534915,,,4.050853931358105,68,BOL
47,Bosnia and Herzegovina,2020-08-11 06:35:16,43.9159,17.6791,14498.0,425.0,8159.0,5914.0,441.90239315535933,,,2.9314388191474685,70,BIH
48,Botswana,2020-08-11 06:35:16,-22.3285,24.6849,1066.0,2.0,80.0,984.0,45.33035666826131,,,0.18761726078799248,72,BWA
49,Brunei,2020-08-11 06:35:16,4.5353,114.7277,142.0,3.0,138.0,1.0,32.45840409798781,,,2.112676056338028,96,BRN
50,Bulgaria,2020-08-11 06:35:16,42.7339,25.4858,13512.0,459.0,7980.0,5073.0,194.46077503671685,,,3.3969804618117228,100,BGR
51,Burkina Faso,2020-08-11 06:35:16,12.2383,-1.5616,1204.0,54.0,984.0,166.0,5.759862161331825,,,4.485049833887043,854,BFA
52,Burma,2020-08-11 06:35:16,21.9162,95.956,360.0,6.0,312.0,42.0,0.6616455853517843,,,1.6666666666666667,104,MMR
53,Burundi,2020-08-11 06:35:16,-3.3731,29.9189,408.0,1.0,315.0,92.0,3.4312296223435617,,,0.24509803921568624,108,BDI
54,Cabo Verde,2020-08-11 06:35:16,16.5388,-23.0418,2883.0,32.0,2128.0,723.0,518.5363712885891,,,1.1099549080818591,132,CPV
55,Cambodia,2020-08-11 06:35:16,11.55,104.9167,266.0,0.0,220.0,46.0,1.5910070063522452,,,0.0,116,KHM
56,Cameroon,2020-08-11 06:35:16,3.8480000000000003,11.5021,18042.0,395.0,15320.0,2327.0,67.96539001329924,,,2.1893359937922625,120,CMR
57,Central African Republic,2020-08-11 06:35:16,6.6111,20.9394,4641.0,60.0,1721.0,2860.0,96.09165168318785,,,1.292824822236587,140,CAF
58,Chad,2020-08-11 06:35:16,15.4542,18.7322,945.0,76.0,843.0,26.0,5.753123778792938,,,8.042328042328043,148,TCD
59,Comoros,2020-08-11 06:35:16,-11.6455,43.3333,399.0,7.0,369.0,23.0,45.883428492574126,,,1.7543859649122806,174,COM
60,Congo (Brazzaville),2020-08-11 06:35:16,-0.228,15.8277,3664.0,58.0,1589.0,2017.0,66.39976281656776,,,1.5829694323144106,178,COG
61,Congo (Kinshasa),2020-08-11 06:35:16,-4.0383,21.7587,9489.0,224.0,8363.0,902.0,10.594965661770999,,,2.360628095689746,180,COD
62,Costa Rica,2020-08-11 06:35:16,9.7489,-83.7534,23872.0,244.0,7823.0,15805.0,468.61927314543806,,,1.0221179624664878,188,CRI
63,Cote d'Ivoire,2020-08-11 06:35:16,7.54,-5.5471,16798.0,105.0,13052.0,3641.0,63.68119219319686,,,0.6250744136206692,384,CIV
64,Croatia,2020-08-11 06:35:16,45.1,15.2,5649.0,158.0,4906.0,585.0,137.6036838520652,,,2.7969552133120907,191,HRV
65,Cuba,2020-08-11 06:35:16,21.521757,-77.78116700000002,3046.0,88.0,2460.0,498.0,26.892409877760485,,,2.8890347997373604,192,CUB
66,Cyprus,2020-08-11 06:35:16,35.1264,33.4299,1252.0,19.0,870.0,363.0,103.69723719749105,,,1.5175718849840256,196,CYP
67,Czechia,2020-08-11 06:35:16,49.8175,15.472999999999999,18494.0,390.0,12983.0,5121.0,172.69615356529687,,,2.1087920406618363,203,CZE
68,Diamond Princess,2020-08-11 06:35:16,,,712.0,13.0,651.0,48.0,,,,1.8258426966292132,9999,
69,Djibouti,2020-08-11 06:35:16,11.8251,42.5903,5347.0,59.0,5120.0,168.0,541.1932364509383,,,1.1034224798952683,262,DJI
70,Dominica,2020-08-11 06:35:16,15.415,-61.371,18.0,0.0,18.0,0.0,25.003125390673837,,,0.0,212,DMA
71,Dominican Republic,2020-08-11 06:35:16,18.7357,-70.1627,80499.0,1328.0,44910.0,34261.0,742.0696200851335,,,1.6497099342848984,214,DOM
72,Ecuador,2020-08-11 06:35:16,-1.8312,-78.1834,94701.0,5932.0,78608.0,10161.0,536.7606299587486,,,6.263925407334664,218,ECU
73,Egypt,2020-08-11 06:35:16,26.820553000000004,30.802497999999996,95666.0,5035.0,53779.0,36852.0,93.48371339010988,,,5.2631028787657055,818,EGY
74,El Salvador,2020-08-11 06:35:16,13.7942,-88.8965,20872.0,570.0,9762.0,10540.0,321.7908294855494,,,2.7309313913376774,222,SLV
75,Equatorial Guinea,2020-08-11 06:35:16,1.6508,10.2679,4821.0,83.0,2182.0,2556.0,343.6244863630046,,,1.7216345156606514,226,GNQ
76,Eritrea,2020-08-11 06:35:16,15.1794,39.7823,285.0,0.0,248.0,37.0,8.03625733731443,,,0.0,232,ERI
77,Estonia,2020-08-11 06:35:16,58.5953,25.0136,2158.0,63.0,1962.0,133.0,162.67897136835026,,,2.9193697868396664,233,EST
78,Eswatini,2020-08-11 06:35:16,-26.5225,31.4659,3309.0,61.0,1634.0,1614.0,285.21829672356665,,,1.843457237836204,748,SWZ
79,Ethiopia,2020-08-11 06:35:16,9.145,40.4897,23591.0,420.0,10411.0,12760.0,20.520411233181555,,,1.7803399601542962,231,ETH
80,Fiji,2020-08-11 06:35:16,-17.7134,178.065,27.0,1.0,18.0,8.0,3.0119003529501005,,,3.703703703703704,242,FJI
81,Gabon,2020-08-11 06:35:16,-0.8037,11.6094,8006.0,51.0,5823.0,2132.0,359.70253328349196,,,0.6370222333250063,266,GAB
82,Gambia,2020-08-11 06:35:16,13.4432,-15.3101,1235.0,23.0,221.0,991.0,51.103504665936185,,,1.862348178137652,270,GMB
83,Georgia,2020-08-11 06:35:16,42.3154,43.3569,1250.0,17.0,1010.0,223.0,31.334799801964067,,,1.36,268,GEO
84,Ghana,2020-08-11 06:35:16,7.9465,-1.0232,41212.0,215.0,38727.0,2270.0,132.6298488926621,,,0.5216927108609143,288,GHA
85,Greece,2020-08-11 06:35:16,39.0742,21.8243,5749.0,213.0,1347.0,4189.0,55.15656828477176,,,3.704992172551748,300,GRC
86,Grenada,2020-08-11 06:35:16,12.1165,-61.678999999999995,24.0,0.0,23.0,1.0,21.329730978768033,,,0.0,308,GRD
87,Guatemala,2020-08-11 06:35:16,15.7835,-90.2308,56987.0,2222.0,45589.0,9176.0,318.08649985791686,,,3.8991348904136034,320,GTM
88,Guinea,2020-08-11 06:35:16,9.9456,-9.6966,7930.0,50.0,6898.0,982.0,60.38319955116932,,,0.6305170239596469,324,GIN
89,Guinea-Bissau,2020-08-11 06:35:16,11.8037,-15.1804,2052.0,29.0,944.0,1079.0,104.2683986467466,,,1.4132553606237817,624,GNB
90,Guyana,2020-08-11 06:35:16,4.860416000000002,-58.93018000000001,568.0,22.0,189.0,357.0,72.21327325731446,,,3.8732394366197194,328,GUY
91,Haiti,2020-08-11 06:35:16,18.9712,-72.2852,7649.0,183.0,4982.0,2484.0,67.0815861703711,,,2.3924696038697872,332,HTI
92,Holy See,2020-08-11 06:35:16,41.9029,12.4534,12.0,0.0,12.0,0.0,1483.3127317676144,,,0.0,336,VAT
93,Honduras,2020-08-11 06:35:16,15.2,-86.2419,47872.0,1506.0,6649.0,39717.0,483.3305871368155,,,3.1458890374331547,340,HND
94,Hungary,2020-08-11 06:35:16,47.1625,19.5033,4731.0,605.0,3525.0,601.0,48.97338088164508,,,12.787994081589515,348,HUN
95,Indonesia,2020-08-11 06:35:16,-0.7893,113.9213,127083.0,5765.0,82236.0,39082.0,46.46143522646624,,,4.53640534139106,360,IDN
96,Iran,2020-08-11 06:35:16,32.427908,53.68804599999999,328844.0,18616.0,286642.0,23586.0,391.51379759204315,,,5.661042926129108,364,IRN
97,Iraq,2020-08-11 06:35:16,33.223191,43.679291,153599.0,5464.0,109790.0,38345.0,381.8733011220112,,,3.5573148262684,368,IRQ
98,Israel,2020-08-11 06:35:16,31.046051000000002,34.851612,85222.0,613.0,59999.0,24610.0,984.5947237728988,,,0.7192978338926568,376,ISR
99,Jamaica,2020-08-11 06:35:16,18.1096,-77.2975,1031.0,14.0,745.0,272.0,34.81742465201994,,,1.3579049466537343,388,JAM
100,Jordan,2020-08-11 06:35:16,31.24,36.51,1268.0,11.0,1187.0,70.0,12.427546814019998,,,0.8675078864353313,400,JOR
101,Kazakhstan,2020-08-11 06:35:16,48.0196,66.9237,100164.0,1058.0,73702.0,25404.0,533.4481706510093,,,1.0562677209376623,398,KAZ
102,Kenya,2020-08-11 06:35:16,-0.0236,37.9062,26928.0,423.0,13495.0,13010.0,50.0787594869382,,,1.570855614973262,404,KEN
103,"Korea, South",2020-08-11 06:35:16,35.90775700000001,127.766922,14660.0,305.0,13729.0,626.0,28.594175179268998,,,2.0804911323328787,410,KOR
104,Kosovo,2020-08-11 06:35:16,42.602636,20.902977,10419.0,341.0,6058.0,4020.0,575.5189834541743,,,3.2728668778193684,383,XKS
105,Kuwait,2020-08-11 06:35:16,29.311659999999996,47.481766,72400.0,482.0,64028.0,7890.0,1695.3268222480267,,,0.6657458563535912,414,KWT
106,Kyrgyzstan,2020-08-11 06:35:16,41.20438,74.766098,40455.0,1478.0,32734.0,6243.0,620.0768800300298,,,3.6534420961562235,417,KGZ
107,Laos,2020-08-11 06:35:16,19.856270000000002,102.495496,20.0,0.0,19.0,1.0,0.27489308033640314,,,0.0,418,LAO
108,Latvia,2020-08-11 06:35:16,56.8796,24.6032,1290.0,32.0,1070.0,188.0,68.39140240546877,,,2.48062015503876,428,LVA
109,Lebanon,2020-08-11 06:35:16,33.8547,35.8623,6812.0,80.0,2290.0,4442.0,99.80306037323295,,,1.1743981209630066,422,LBN
110,Lesotho,2020-08-11 06:35:16,-29.609988,28.233608,781.0,24.0,175.0,582.0,36.45696211276731,,,3.072983354673496,426,LSO
111,Liberia,2020-08-11 06:35:16,6.4280550000000005,-9.429499,1240.0,79.0,725.0,436.0,24.517184470261746,,,6.370967741935483,430,LBR
112,Libya,2020-08-11 06:35:16,26.3351,17.228331,5929.0,125.0,724.0,5080.0,86.28660103995074,,,2.1082813290605498,434,LBY
113,Liechtenstein,2020-08-11 06:35:16,47.14,9.55,89.0,1.0,85.0,3.0,233.36916904843062,,,1.1235955056179776,438,LIE
114,Lithuania,2020-08-11 06:35:16,55.1694,23.8813,2265.0,81.0,1670.0,514.0,83.20197950917076,,,3.5761589403973506,440,LTU
115,Luxembourg,2020-08-11 06:35:16,49.8153,6.1296,7216.0,121.0,6170.0,925.0,1152.7598502178998,,,1.6768292682926829,442,LUX
116,MS Zaandam,2020-08-11 06:35:16,,,9.0,2.0,,7.0,,,,22.222222222222218,8888,
117,Madagascar,2020-08-11 06:35:16,-18.766947000000002,46.869107,13202.0,151.0,11011.0,2040.0,47.67610754952716,,,1.1437660960460536,450,MDG
118,Malawi,2020-08-11 06:35:16,-13.254307999999998,34.301525,4674.0,146.0,2430.0,2098.0,24.432885492935032,,,3.1236628155755244,454,MWI
119,Malaysia,2020-08-11 06:35:16,4.210483999999999,101.97576600000001,9094.0,125.0,8803.0,166.0,28.09738788218426,,,1.3745326588959754,458,MYS
120,Maldives,2020-08-11 06:35:16,3.2028,73.2207,5157.0,19.0,2835.0,2303.0,954.042424085455,,,0.3684312584836145,462,MDV
121,Mali,2020-08-11 06:35:16,17.570692,-3.996166000000001,2573.0,125.0,1969.0,479.0,12.705649554976356,,,4.858142246404975,466,MLI
122,Malta,2020-08-11 06:35:16,35.9375,14.3754,1112.0,9.0,688.0,415.0,251.8463827657353,,,0.8093525179856115,470,MLT
123,Mauritania,2020-08-11 06:35:16,21.0079,-10.9408,6555.0,157.0,5570.0,828.0,140.97805000795756,,,2.395118230358505,478,MRT
124,Mauritius,2020-08-11 06:35:16,-20.348404000000002,57.552152,344.0,10.0,334.0,0.0,27.048979883893825,,,2.9069767441860463,480,MUS
125,Moldova,2020-08-11 06:35:16,47.4116,28.3699,27841.0,850.0,19300.0,7691.0,690.1649816817854,,,3.05305125534284,498,MDA
126,Monaco,2020-08-11 06:35:16,43.7333,7.4167,133.0,4.0,113.0,16.0,338.9053103659158,,,3.0075187969924815,492,MCO
127,Mongolia,2020-08-11 06:35:16,46.8625,103.8467,293.0,0.0,263.0,30.0,8.937580911035381,,,0.0,496,MNG
128,Montenegro,2020-08-11 06:35:16,42.708678000000006,19.37439,3696.0,68.0,2521.0,1107.0,588.4769338058983,,,1.83982683982684,499,MNE
129,Morocco,2020-08-11 06:35:16,31.7917,-7.0926,34063.0,516.0,24524.0,9023.0,92.28524803120018,,,1.5148401491354255,504,MAR
130,Mozambique,2020-08-11 06:35:16,-18.665695,35.529562,2411.0,16.0,860.0,1535.0,7.713858405746072,,,0.6636250518457072,508,MOZ
131,Namibia,2020-08-11 06:35:16,-22.9576,18.4904,3101.0,19.0,715.0,2367.0,122.04260195929342,,,0.6127055788455337,516,NAM
132,Nepal,2020-08-11 06:35:16,28.1667,84.25,23310.0,79.0,16493.0,6738.0,80.00190000222399,,,0.3389103389103389,524,NPL
133,New Zealand,2020-08-11 06:35:16,-40.9006,174.886,1570.0,22.0,1526.0,22.0,32.557530919804165,,,1.4012738853503184,554,NZL
134,Nicaragua,2020-08-11 06:35:16,12.865416,-85.207229,3902.0,123.0,2913.0,866.0,58.90207853992889,,,3.1522296258329066,558,NIC
135,Niger,2020-08-11 06:35:16,17.607789,8.081666,1158.0,69.0,1062.0,27.0,4.783812174479758,,,5.958549222797928,562,NER
136,Nigeria,2020-08-11 06:35:16,9.082,8.6753,46867.0,950.0,33346.0,12571.0,22.73556510036085,,,2.0270126101521324,566,NGA
137,North Macedonia,2020-08-11 06:35:16,41.6086,21.7453,11942.0,528.0,8087.0,3327.0,573.2031602492103,,,4.421369954781444,807,MKD
138,Oman,2020-08-11 06:35:16,21.512583,55.92325500000001,81787.0,521.0,76124.0,5142.0,1601.5871157097586,,,0.6370205533886804,512,OMN
139,Panama,2020-08-11 06:35:16,8.538,-80.7821,75394.0,1664.0,49510.0,24220.0,1747.3477137125333,,,2.207072180810144,591,PAN
140,Papua New Guinea,2020-08-11 06:35:16,-6.314993,143.95555,214.0,3.0,53.0,158.0,2.3918559762924603,,,1.4018691588785046,598,PNG
141,Paraguay,2020-08-11 06:35:16,-23.4425,-58.4438,7234.0,82.0,5276.0,1876.0,101.42263684835535,,,1.1335360796239975,600,PRY
142,Philippines,2020-08-11 06:35:16,12.879721,121.77401699999999,136638.0,2294.0,68159.0,66185.0,124.69122750518486,,,1.6788887425167234,608,PHL
143,Poland,2020-08-11 06:35:16,51.9194,19.1451,52410.0,1809.0,36877.0,13724.0,138.4800565334724,,,3.4516313680595307,616,POL
144,Portugal,2020-08-11 06:35:16,39.3999,-8.2245,52825.0,1759.0,38600.0,12466.0,518.0594087875625,,,3.329862754377662,620,PRT
145,Qatar,2020-08-11 06:35:16,25.3548,51.1839,113262.0,188.0,109993.0,3081.0,3931.2614107307727,,,0.16598682700287828,634,QAT
146,Romania,2020-08-11 06:35:16,45.9432,24.9668,62547.0,2729.0,30311.0,29507.0,325.12752835814626,,,4.36311893456121,642,ROU
147,Rwanda,2020-08-11 06:35:16,-1.9403,29.8739,2152.0,7.0,1392.0,753.0,16.614926457718525,,,0.3252788104089219,646,RWA
148,Saint Kitts and Nevis,2020-08-11 06:35:16,17.357822,-62.782998,17.0,0.0,17.0,0.0,31.959693186945405,,,0.0,659,KNA
149,Saint Lucia,2020-08-11 06:35:16,13.9094,-60.9789,25.0,0.0,24.0,1.0,13.614407310392151,,,0.0,662,LCA
150,Saint Vincent and the Grenadines,2020-08-11 06:35:16,12.9843,-61.2872,57.0,0.0,52.0,5.0,51.37588217797686,,,0.0,670,VCT
151,San Marino,2020-08-11 06:35:16,43.9424,12.4578,699.0,42.0,657.0,0.0,2059.6381637102954,,,6.008583690987124,674,SMR
152,Sao Tome and Principe,2020-08-11 06:35:16,0.18636,6.613081,878.0,15.0,800.0,63.0,400.6187232217411,,,1.7084282460136675,678,STP
153,Saudi Arabia,2020-08-11 06:35:16,23.885942,45.079162,289947.0,3199.0,253478.0,33270.0,832.8491632371664,,,1.103305086791724,682,SAU
154,Senegal,2020-08-11 06:35:16,14.4974,-14.4524,11312.0,236.0,7390.0,3686.0,67.55881086459391,,,2.0862800565770865,686,SEN
155,Serbia,2020-08-11 06:35:16,44.0165,21.0059,28262.0,646.0,,27616.0,323.4611788215447,,,2.285754723657208,688,SRB
156,Seychelles,2020-08-11 06:35:16,-4.6796,55.492,126.0,0.0,125.0,1.0,128.1269066503966,,,0.0,690,SYC
157,Sierra Leone,2020-08-11 06:35:16,8.460555000000001,-11.779889,1917.0,69.0,1447.0,401.0,24.03163601285448,,,3.5993740219092327,694,SLE
158,Singapore,2020-08-11 06:35:16,1.2833,103.8333,55292.0,27.0,49609.0,5656.0,945.10697919763,,,0.04883165738262316,702,SGP
159,Slovakia,2020-08-11 06:35:16,48.669,19.699,2599.0,31.0,1866.0,702.0,47.6038451598392,,,1.19276644863409,703,SVK
160,Slovenia,2020-08-11 06:35:16,46.1512,14.9955,2255.0,128.0,1960.0,167.0,108.46915627831983,,,5.676274944567628,705,SVN
161,Somalia,2020-08-11 06:35:16,5.152149,46.199616,3227.0,93.0,1728.0,1406.0,20.304256802854102,,,2.8819336845367216,706,SOM
162,South Africa,2020-08-11 06:35:16,-30.5595,22.9375,563598.0,10621.0,417200.0,135777.0,950.278955748306,,,1.8844992352705296,710,ZAF
163,South Sudan,2020-08-11 06:35:16,6.8770000000000024,31.307,2470.0,47.0,1175.0,1248.0,22.065926377170648,,,1.9028340080971662,728,SSD
164,Sri Lanka,2020-08-11 06:35:16,7.873054,80.77179699999998,2871.0,11.0,2593.0,267.0,13.40758642429337,,,0.3831417624521073,144,LKA
165,Sudan,2020-08-11 06:35:16,12.8628,30.2176,11956.0,781.0,6266.0,4909.0,27.26613298844275,,,6.532285045165608,729,SDN
166,Suriname,2020-08-11 06:35:16,3.9193,-56.0278,2489.0,30.0,1674.0,785.0,424.2849885959559,,,1.2053033346725592,740,SUR
167,Syria,2020-08-11 06:35:16,34.802075,38.99681500000001,1255.0,52.0,364.0,839.0,7.171159345617711,,,4.143426294820717,760,SYR
168,Taiwan*,2020-08-11 06:35:16,23.7,121.0,477.0,7.0,441.0,29.0,2.002790050290184,,,1.4675052410901468,158,TWN
169,Tajikistan,2020-08-11 06:35:16,38.861034000000004,71.276093,7827.0,62.0,6614.0,1151.0,82.06430897699872,,,0.7921298070780631,762,TJK
170,Tanzania,2020-08-11 06:35:16,-6.369028,34.888822,509.0,21.0,183.0,305.0,0.852107987092757,,,4.12573673870334,834,TZA
171,Thailand,2020-08-11 06:35:16,15.870032,100.992541,3351.0,58.0,3163.0,130.0,4.800861112019262,,,1.7308266189197254,764,THA
172,Timor-Leste,2020-08-11 06:35:16,-8.874217,125.727539,25.0,0.0,24.0,1.0,1.896177457938992,,,0.0,626,TLS
173,Togo,2020-08-11 06:35:16,8.6195,0.8248,1067.0,25.0,729.0,313.0,12.888439383930182,,,2.343017806935333,768,TGO
174,Trinidad and Tobago,2020-08-11 06:35:16,10.6918,-61.2225,281.0,8.0,138.0,135.0,20.078728623478106,,,2.846975088967972,780,TTO
175,Tunisia,2020-08-11 06:35:16,33.886917,9.537499,1717.0,51.0,1265.0,401.0,14.52792534626299,,,2.9702970297029703,788,TUN
176,Turkey,2020-08-11 06:35:16,38.9637,35.2433,241997.0,5858.0,224970.0,11169.0,286.9334563542184,,,2.4206911655929617,792,TUR
177,Uganda,2020-08-11 06:35:16,1.373333,32.290275,1297.0,9.0,1137.0,151.0,2.8355304868717344,,,0.6939090208172706,800,UGA
178,United Arab Emirates,2020-08-11 06:35:16,23.424076,53.847818000000004,62704.0,357.0,56766.0,5581.0,633.9885141146971,,,0.5693416687930595,784,ARE
179,Uruguay,2020-08-11 06:35:16,-32.5228,-55.7658,1364.0,37.0,1146.0,181.0,39.26618297868543,,,2.7126099706744866,858,URY
180,Uzbekistan,2020-08-11 06:35:16,41.377491,64.585262,31545.0,202.0,22992.0,8351.0,94.25083641828415,,,0.6403550483436361,860,UZB
181,Venezuela,2020-08-11 06:35:16,6.4238,-66.5897,26800.0,229.0,16930.0,9641.0,94.24691841589356,,,0.8544776119402985,862,VEN
182,Vietnam,2020-08-11 06:35:16,14.058323999999999,108.277199,847.0,15.0,399.0,433.0,0.8701585475103947,,,1.770956316410862,704,VNM
183,West Bank and Gaza,2020-08-11 06:35:16,31.9522,35.2332,14510.0,100.0,8045.0,6365.0,284.4308325374758,,,0.6891798759476223,275,PSE
184,Western Sahara,2020-08-11 06:35:16,24.2155,-12.8858,10.0,1.0,8.0,1.0,1.674116485025028,,,10.0,732,ESH
185,Yemen,2020-08-11 06:35:16,15.552726999999999,48.516388,1832.0,518.0,915.0,399.0,6.142298550042031,,,28.275109170305683,887,YEM
186,Zambia,2020-08-11 06:35:16,-13.133897,27.849332,8210.0,241.0,6802.0,1167.0,44.65850549250662,,,2.935444579780756,894,ZMB
187,Zimbabwe,2020-08-11 06:35:16,-19.015438,29.154857,4748.0,104.0,1524.0,3120.0,31.94525546684041,,,2.1903959561920807,716,ZWE
